Filename,Key,BPM,SlitherMath,RattleSpeed,Author
Trap_F_Minor_130_Slither5_Rattle0.5.mid,F_Minor,130,"(2000, 5)",0.5,Nick Panek
Trap_F_Minor_130_Slither5_Rattle0.8.mid,F_Minor,130,"(2000, 5)",0.8,Nick Panek
Trap_F_Minor_130_Slither5_Rattle1.2.mid,F_Minor,130,"(2000, 5)",1.2,Nick Panek
Trap_F_Minor_130_Slither8_Rattle0.5.mid,F_Minor,130,"(4000, 8)",0.5,Nick Panek
Trap_F_Minor_130_Slither8_Rattle0.8.mid,F_Minor,130,"(4000, 8)",0.8,Nick Panek
Trap_F_Minor_130_Slither8_Rattle1.2.mid,F_Minor,130,"(4000, 8)",1.2,Nick Panek
Trap_F_Minor_130_Slither12_Rattle0.5.mid,F_Minor,130,"(8192, 12)",0.5,Nick Panek
Trap_F_Minor_130_Slither12_Rattle0.8.mid,F_Minor,130,"(8192, 12)",0.8,Nick Panek
Trap_F_Minor_130_Slither12_Rattle1.2.mid,F_Minor,130,"(8192, 12)",1.2,Nick Panek
Trap_F_Minor_135_Slither5_Rattle0.5.mid,F_Minor,135,"(2000, 5)",0.5,Nick Panek
Trap_F_Minor_135_Slither5_Rattle0.8.mid,F_Minor,135,"(2000, 5)",0.8,Nick Panek
Trap_F_Minor_135_Slither5_Rattle1.2.mid,F_Minor,135,"(2000, 5)",1.2,Nick Panek
Trap_F_Minor_135_Slither8_Rattle0.5.mid,F_Minor,135,"(4000, 8)",0.5,Nick Panek
Trap_F_Minor_135_Slither8_Rattle0.8.mid,F_Minor,135,"(4000, 8)",0.8,Nick Panek
Trap_F_Minor_135_Slither8_Rattle1.2.mid,F_Minor,135,"(4000, 8)",1.2,Nick Panek
Trap_F_Minor_135_Slither12_Rattle0.5.mid,F_Minor,135,"(8192, 12)",0.5,Nick Panek
Trap_F_Minor_135_Slither12_Rattle0.8.mid,F_Minor,135,"(8192, 12)",0.8,Nick Panek
Trap_F_Minor_135_Slither12_Rattle1.2.mid,F_Minor,135,"(8192, 12)",1.2,Nick Panek
Trap_F_Minor_140_Slither5_Rattle0.5.mid,F_Minor,140,"(2000, 5)",0.5,Nick Panek
Trap_F_Minor_140_Slither5_Rattle0.8.mid,F_Minor,140,"(2000, 5)",0.8,Nick Panek
Trap_F_Minor_140_Slither5_Rattle1.2.mid,F_Minor,140,"(2000, 5)",1.2,Nick Panek
Trap_F_Minor_140_Slither8_Rattle0.5.mid,F_Minor,140,"(4000, 8)",0.5,Nick Panek
Trap_F_Minor_140_Slither8_Rattle0.8.mid,F_Minor,140,"(4000, 8)",0.8,Nick Panek
Trap_F_Minor_140_Slither8_Rattle1.2.mid,F_Minor,140,"(4000, 8)",1.2,Nick Panek
Trap_F_Minor_140_Slither12_Rattle0.5.mid,F_Minor,140,"(8192, 12)",0.5,Nick Panek
Trap_F_Minor_140_Slither12_Rattle0.8.mid,F_Minor,140,"(8192, 12)",0.8,Nick Panek
Trap_F_Minor_140_Slither12_Rattle1.2.mid,F_Minor,140,"(8192, 12)",1.2,Nick Panek
Trap_F_Minor_145_Slither5_Rattle0.5.mid,F_Minor,145,"(2000, 5)",0.5,Nick Panek
Trap_F_Minor_145_Slither5_Rattle0.8.mid,F_Minor,145,"(2000, 5)",0.8,Nick Panek
Trap_F_Minor_145_Slither5_Rattle1.2.mid,F_Minor,145,"(2000, 5)",1.2,Nick Panek
Trap_F_Minor_145_Slither8_Rattle0.5.mid,F_Minor,145,"(4000, 8)",0.5,Nick Panek
Trap_F_Minor_145_Slither8_Rattle0.8.mid,F_Minor,145,"(4000, 8)",0.8,Nick Panek
Trap_F_Minor_145_Slither8_Rattle1.2.mid,F_Minor,145,"(4000, 8)",1.2,Nick Panek
Trap_F_Minor_145_Slither12_Rattle0.5.mid,F_Minor,145,"(8192, 12)",0.5,Nick Panek
Trap_F_Minor_145_Slither12_Rattle0.8.mid,F_Minor,145,"(8192, 12)",0.8,Nick Panek
Trap_F_Minor_145_Slither12_Rattle1.2.mid,F_Minor,145,"(8192, 12)",1.2,Nick Panek
Trap_F_Minor_150_Slither5_Rattle0.5.mid,F_Minor,150,"(2000, 5)",0.5,Nick Panek
Trap_F_Minor_150_Slither5_Rattle0.8.mid,F_Minor,150,"(2000, 5)",0.8,Nick Panek
Trap_F_Minor_150_Slither5_Rattle1.2.mid,F_Minor,150,"(2000, 5)",1.2,Nick Panek
Trap_F_Minor_150_Slither8_Rattle0.5.mid,F_Minor,150,"(4000, 8)",0.5,Nick Panek
Trap_F_Minor_150_Slither8_Rattle0.8.mid,F_Minor,150,"(4000, 8)",0.8,Nick Panek
Trap_F_Minor_150_Slither8_Rattle1.2.mid,F_Minor,150,"(4000, 8)",1.2,Nick Panek
Trap_F_Minor_150_Slither12_Rattle0.5.mid,F_Minor,150,"(8192, 12)",0.5,Nick Panek
Trap_F_Minor_150_Slither12_Rattle0.8.mid,F_Minor,150,"(8192, 12)",0.8,Nick Panek
Trap_F_Minor_150_Slither12_Rattle1.2.mid,F_Minor,150,"(8192, 12)",1.2,Nick Panek
Trap_F_Minor_155_Slither5_Rattle0.5.mid,F_Minor,155,"(2000, 5)",0.5,Nick Panek
Trap_F_Minor_155_Slither5_Rattle0.8.mid,F_Minor,155,"(2000, 5)",0.8,Nick Panek
Trap_F_Minor_155_Slither5_Rattle1.2.mid,F_Minor,155,"(2000, 5)",1.2,Nick Panek
Trap_F_Minor_155_Slither8_Rattle0.5.mid,F_Minor,155,"(4000, 8)",0.5,Nick Panek
Trap_F_Minor_155_Slither8_Rattle0.8.mid,F_Minor,155,"(4000, 8)",0.8,Nick Panek
Trap_F_Minor_155_Slither8_Rattle1.2.mid,F_Minor,155,"(4000, 8)",1.2,Nick Panek
Trap_F_Minor_155_Slither12_Rattle0.5.mid,F_Minor,155,"(8192, 12)",0.5,Nick Panek
Trap_F_Minor_155_Slither12_Rattle0.8.mid,F_Minor,155,"(8192, 12)",0.8,Nick Panek
Trap_F_Minor_155_Slither12_Rattle1.2.mid,F_Minor,155,"(8192, 12)",1.2,Nick Panek
Trap_F_Minor_160_Slither5_Rattle0.5.mid,F_Minor,160,"(2000, 5)",0.5,Nick Panek
Trap_F_Minor_160_Slither5_Rattle0.8.mid,F_Minor,160,"(2000, 5)",0.8,Nick Panek
Trap_F_Minor_160_Slither5_Rattle1.2.mid,F_Minor,160,"(2000, 5)",1.2,Nick Panek
Trap_F_Minor_160_Slither8_Rattle0.5.mid,F_Minor,160,"(4000, 8)",0.5,Nick Panek
Trap_F_Minor_160_Slither8_Rattle0.8.mid,F_Minor,160,"(4000, 8)",0.8,Nick Panek
Trap_F_Minor_160_Slither8_Rattle1.2.mid,F_Minor,160,"(4000, 8)",1.2,Nick Panek
Trap_F_Minor_160_Slither12_Rattle0.5.mid,F_Minor,160,"(8192, 12)",0.5,Nick Panek
Trap_F_Minor_160_Slither12_Rattle0.8.mid,F_Minor,160,"(8192, 12)",0.8,Nick Panek
Trap_F_Minor_160_Slither12_Rattle1.2.mid,F_Minor,160,"(8192, 12)",1.2,Nick Panek
Trap_G_Minor_130_Slither5_Rattle0.5.mid,G_Minor,130,"(2000, 5)",0.5,Nick Panek
Trap_G_Minor_130_Slither5_Rattle0.8.mid,G_Minor,130,"(2000, 5)",0.8,Nick Panek
Trap_G_Minor_130_Slither5_Rattle1.2.mid,G_Minor,130,"(2000, 5)",1.2,Nick Panek
Trap_G_Minor_130_Slither8_Rattle0.5.mid,G_Minor,130,"(4000, 8)",0.5,Nick Panek
Trap_G_Minor_130_Slither8_Rattle0.8.mid,G_Minor,130,"(4000, 8)",0.8,Nick Panek
Trap_G_Minor_130_Slither8_Rattle1.2.mid,G_Minor,130,"(4000, 8)",1.2,Nick Panek
Trap_G_Minor_130_Slither12_Rattle0.5.mid,G_Minor,130,"(8192, 12)",0.5,Nick Panek
Trap_G_Minor_130_Slither12_Rattle0.8.mid,G_Minor,130,"(8192, 12)",0.8,Nick Panek
Trap_G_Minor_130_Slither12_Rattle1.2.mid,G_Minor,130,"(8192, 12)",1.2,Nick Panek
Trap_G_Minor_135_Slither5_Rattle0.5.mid,G_Minor,135,"(2000, 5)",0.5,Nick Panek
Trap_G_Minor_135_Slither5_Rattle0.8.mid,G_Minor,135,"(2000, 5)",0.8,Nick Panek
Trap_G_Minor_135_Slither5_Rattle1.2.mid,G_Minor,135,"(2000, 5)",1.2,Nick Panek
Trap_G_Minor_135_Slither8_Rattle0.5.mid,G_Minor,135,"(4000, 8)",0.5,Nick Panek
Trap_G_Minor_135_Slither8_Rattle0.8.mid,G_Minor,135,"(4000, 8)",0.8,Nick Panek
Trap_G_Minor_135_Slither8_Rattle1.2.mid,G_Minor,135,"(4000, 8)",1.2,Nick Panek
Trap_G_Minor_135_Slither12_Rattle0.5.mid,G_Minor,135,"(8192, 12)",0.5,Nick Panek
Trap_G_Minor_135_Slither12_Rattle0.8.mid,G_Minor,135,"(8192, 12)",0.8,Nick Panek
Trap_G_Minor_135_Slither12_Rattle1.2.mid,G_Minor,135,"(8192, 12)",1.2,Nick Panek
Trap_G_Minor_140_Slither5_Rattle0.5.mid,G_Minor,140,"(2000, 5)",0.5,Nick Panek
Trap_G_Minor_140_Slither5_Rattle0.8.mid,G_Minor,140,"(2000, 5)",0.8,Nick Panek
Trap_G_Minor_140_Slither5_Rattle1.2.mid,G_Minor,140,"(2000, 5)",1.2,Nick Panek
Trap_G_Minor_140_Slither8_Rattle0.5.mid,G_Minor,140,"(4000, 8)",0.5,Nick Panek
Trap_G_Minor_140_Slither8_Rattle0.8.mid,G_Minor,140,"(4000, 8)",0.8,Nick Panek
Trap_G_Minor_140_Slither8_Rattle1.2.mid,G_Minor,140,"(4000, 8)",1.2,Nick Panek
Trap_G_Minor_140_Slither12_Rattle0.5.mid,G_Minor,140,"(8192, 12)",0.5,Nick Panek
Trap_G_Minor_140_Slither12_Rattle0.8.mid,G_Minor,140,"(8192, 12)",0.8,Nick Panek
Trap_G_Minor_140_Slither12_Rattle1.2.mid,G_Minor,140,"(8192, 12)",1.2,Nick Panek
Trap_G_Minor_145_Slither5_Rattle0.5.mid,G_Minor,145,"(2000, 5)",0.5,Nick Panek
Trap_G_Minor_145_Slither5_Rattle0.8.mid,G_Minor,145,"(2000, 5)",0.8,Nick Panek
Trap_G_Minor_145_Slither5_Rattle1.2.mid,G_Minor,145,"(2000, 5)",1.2,Nick Panek
Trap_G_Minor_145_Slither8_Rattle0.5.mid,G_Minor,145,"(4000, 8)",0.5,Nick Panek
Trap_G_Minor_145_Slither8_Rattle0.8.mid,G_Minor,145,"(4000, 8)",0.8,Nick Panek
Trap_G_Minor_145_Slither8_Rattle1.2.mid,G_Minor,145,"(4000, 8)",1.2,Nick Panek
Trap_G_Minor_145_Slither12_Rattle0.5.mid,G_Minor,145,"(8192, 12)",0.5,Nick Panek
Trap_G_Minor_145_Slither12_Rattle0.8.mid,G_Minor,145,"(8192, 12)",0.8,Nick Panek
Trap_G_Minor_145_Slither12_Rattle1.2.mid,G_Minor,145,"(8192, 12)",1.2,Nick Panek
Trap_G_Minor_150_Slither5_Rattle0.5.mid,G_Minor,150,"(2000, 5)",0.5,Nick Panek
Trap_G_Minor_150_Slither5_Rattle0.8.mid,G_Minor,150,"(2000, 5)",0.8,Nick Panek
Trap_G_Minor_150_Slither5_Rattle1.2.mid,G_Minor,150,"(2000, 5)",1.2,Nick Panek
Trap_G_Minor_150_Slither8_Rattle0.5.mid,G_Minor,150,"(4000, 8)",0.5,Nick Panek
Trap_G_Minor_150_Slither8_Rattle0.8.mid,G_Minor,150,"(4000, 8)",0.8,Nick Panek
Trap_G_Minor_150_Slither8_Rattle1.2.mid,G_Minor,150,"(4000, 8)",1.2,Nick Panek
Trap_G_Minor_150_Slither12_Rattle0.5.mid,G_Minor,150,"(8192, 12)",0.5,Nick Panek
Trap_G_Minor_150_Slither12_Rattle0.8.mid,G_Minor,150,"(8192, 12)",0.8,Nick Panek
Trap_G_Minor_150_Slither12_Rattle1.2.mid,G_Minor,150,"(8192, 12)",1.2,Nick Panek
Trap_G_Minor_155_Slither5_Rattle0.5.mid,G_Minor,155,"(2000, 5)",0.5,Nick Panek
Trap_G_Minor_155_Slither5_Rattle0.8.mid,G_Minor,155,"(2000, 5)",0.8,Nick Panek
Trap_G_Minor_155_Slither5_Rattle1.2.mid,G_Minor,155,"(2000, 5)",1.2,Nick Panek
Trap_G_Minor_155_Slither8_Rattle0.5.mid,G_Minor,155,"(4000, 8)",0.5,Nick Panek
Trap_G_Minor_155_Slither8_Rattle0.8.mid,G_Minor,155,"(4000, 8)",0.8,Nick Panek
Trap_G_Minor_155_Slither8_Rattle1.2.mid,G_Minor,155,"(4000, 8)",1.2,Nick Panek
Trap_G_Minor_155_Slither12_Rattle0.5.mid,G_Minor,155,"(8192, 12)",0.5,Nick Panek
Trap_G_Minor_155_Slither12_Rattle0.8.mid,G_Minor,155,"(8192, 12)",0.8,Nick Panek
Trap_G_Minor_155_Slither12_Rattle1.2.mid,G_Minor,155,"(8192, 12)",1.2,Nick Panek
Trap_G_Minor_160_Slither5_Rattle0.5.mid,G_Minor,160,"(2000, 5)",0.5,Nick Panek
Trap_G_Minor_160_Slither5_Rattle0.8.mid,G_Minor,160,"(2000, 5)",0.8,Nick Panek
Trap_G_Minor_160_Slither5_Rattle1.2.mid,G_Minor,160,"(2000, 5)",1.2,Nick Panek
Trap_G_Minor_160_Slither8_Rattle0.5.mid,G_Minor,160,"(4000, 8)",0.5,Nick Panek
Trap_G_Minor_160_Slither8_Rattle0.8.mid,G_Minor,160,"(4000, 8)",0.8,Nick Panek
Trap_G_Minor_160_Slither8_Rattle1.2.mid,G_Minor,160,"(4000, 8)",1.2,Nick Panek
Trap_G_Minor_160_Slither12_Rattle0.5.mid,G_Minor,160,"(8192, 12)",0.5,Nick Panek
Trap_G_Minor_160_Slither12_Rattle0.8.mid,G_Minor,160,"(8192, 12)",0.8,Nick Panek
Trap_G_Minor_160_Slither12_Rattle1.2.mid,G_Minor,160,"(8192, 12)",1.2,Nick Panek
Trap_C_Minor_130_Slither5_Rattle0.5.mid,C_Minor,130,"(2000, 5)",0.5,Nick Panek
Trap_C_Minor_130_Slither5_Rattle0.8.mid,C_Minor,130,"(2000, 5)",0.8,Nick Panek
Trap_C_Minor_130_Slither5_Rattle1.2.mid,C_Minor,130,"(2000, 5)",1.2,Nick Panek
Trap_C_Minor_130_Slither8_Rattle0.5.mid,C_Minor,130,"(4000, 8)",0.5,Nick Panek
Trap_C_Minor_130_Slither8_Rattle0.8.mid,C_Minor,130,"(4000, 8)",0.8,Nick Panek
Trap_C_Minor_130_Slither8_Rattle1.2.mid,C_Minor,130,"(4000, 8)",1.2,Nick Panek
Trap_C_Minor_130_Slither12_Rattle0.5.mid,C_Minor,130,"(8192, 12)",0.5,Nick Panek
Trap_C_Minor_130_Slither12_Rattle0.8.mid,C_Minor,130,"(8192, 12)",0.8,Nick Panek
Trap_C_Minor_130_Slither12_Rattle1.2.mid,C_Minor,130,"(8192, 12)",1.2,Nick Panek
Trap_C_Minor_135_Slither5_Rattle0.5.mid,C_Minor,135,"(2000, 5)",0.5,Nick Panek
Trap_C_Minor_135_Slither5_Rattle0.8.mid,C_Minor,135,"(2000, 5)",0.8,Nick Panek
Trap_C_Minor_135_Slither5_Rattle1.2.mid,C_Minor,135,"(2000, 5)",1.2,Nick Panek
Trap_C_Minor_135_Slither8_Rattle0.5.mid,C_Minor,135,"(4000, 8)",0.5,Nick Panek
Trap_C_Minor_135_Slither8_Rattle0.8.mid,C_Minor,135,"(4000, 8)",0.8,Nick Panek
Trap_C_Minor_135_Slither8_Rattle1.2.mid,C_Minor,135,"(4000, 8)",1.2,Nick Panek
Trap_C_Minor_135_Slither12_Rattle0.5.mid,C_Minor,135,"(8192, 12)",0.5,Nick Panek
Trap_C_Minor_135_Slither12_Rattle0.8.mid,C_Minor,135,"(8192, 12)",0.8,Nick Panek
Trap_C_Minor_135_Slither12_Rattle1.2.mid,C_Minor,135,"(8192, 12)",1.2,Nick Panek
Trap_C_Minor_140_Slither5_Rattle0.5.mid,C_Minor,140,"(2000, 5)",0.5,Nick Panek
Trap_C_Minor_140_Slither5_Rattle0.8.mid,C_Minor,140,"(2000, 5)",0.8,Nick Panek
Trap_C_Minor_140_Slither5_Rattle1.2.mid,C_Minor,140,"(2000, 5)",1.2,Nick Panek
Trap_C_Minor_140_Slither8_Rattle0.5.mid,C_Minor,140,"(4000, 8)",0.5,Nick Panek
Trap_C_Minor_140_Slither8_Rattle0.8.mid,C_Minor,140,"(4000, 8)",0.8,Nick Panek
Trap_C_Minor_140_Slither8_Rattle1.2.mid,C_Minor,140,"(4000, 8)",1.2,Nick Panek
Trap_C_Minor_140_Slither12_Rattle0.5.mid,C_Minor,140,"(8192, 12)",0.5,Nick Panek
Trap_C_Minor_140_Slither12_Rattle0.8.mid,C_Minor,140,"(8192, 12)",0.8,Nick Panek
Trap_C_Minor_140_Slither12_Rattle1.2.mid,C_Minor,140,"(8192, 12)",1.2,Nick Panek
Trap_C_Minor_145_Slither5_Rattle0.5.mid,C_Minor,145,"(2000, 5)",0.5,Nick Panek
Trap_C_Minor_145_Slither5_Rattle0.8.mid,C_Minor,145,"(2000, 5)",0.8,Nick Panek
Trap_C_Minor_145_Slither5_Rattle1.2.mid,C_Minor,145,"(2000, 5)",1.2,Nick Panek
Trap_C_Minor_145_Slither8_Rattle0.5.mid,C_Minor,145,"(4000, 8)",0.5,Nick Panek
Trap_C_Minor_145_Slither8_Rattle0.8.mid,C_Minor,145,"(4000, 8)",0.8,Nick Panek
Trap_C_Minor_145_Slither8_Rattle1.2.mid,C_Minor,145,"(4000, 8)",1.2,Nick Panek
Trap_C_Minor_145_Slither12_Rattle0.5.mid,C_Minor,145,"(8192, 12)",0.5,Nick Panek
Trap_C_Minor_145_Slither12_Rattle0.8.mid,C_Minor,145,"(8192, 12)",0.8,Nick Panek
Trap_C_Minor_145_Slither12_Rattle1.2.mid,C_Minor,145,"(8192, 12)",1.2,Nick Panek
Trap_C_Minor_150_Slither5_Rattle0.5.mid,C_Minor,150,"(2000, 5)",0.5,Nick Panek
Trap_C_Minor_150_Slither5_Rattle0.8.mid,C_Minor,150,"(2000, 5)",0.8,Nick Panek
Trap_C_Minor_150_Slither5_Rattle1.2.mid,C_Minor,150,"(2000, 5)",1.2,Nick Panek
Trap_C_Minor_150_Slither8_Rattle0.5.mid,C_Minor,150,"(4000, 8)",0.5,Nick Panek
Trap_C_Minor_150_Slither8_Rattle0.8.mid,C_Minor,150,"(4000, 8)",0.8,Nick Panek
Trap_C_Minor_150_Slither8_Rattle1.2.mid,C_Minor,150,"(4000, 8)",1.2,Nick Panek
Trap_C_Minor_150_Slither12_Rattle0.5.mid,C_Minor,150,"(8192, 12)",0.5,Nick Panek
Trap_C_Minor_150_Slither12_Rattle0.8.mid,C_Minor,150,"(8192, 12)",0.8,Nick Panek
Trap_C_Minor_150_Slither12_Rattle1.2.mid,C_Minor,150,"(8192, 12)",1.2,Nick Panek
Trap_C_Minor_155_Slither5_Rattle0.5.mid,C_Minor,155,"(2000, 5)",0.5,Nick Panek
Trap_C_Minor_155_Slither5_Rattle0.8.mid,C_Minor,155,"(2000, 5)",0.8,Nick Panek
Trap_C_Minor_155_Slither5_Rattle1.2.mid,C_Minor,155,"(2000, 5)",1.2,Nick Panek
Trap_C_Minor_155_Slither8_Rattle0.5.mid,C_Minor,155,"(4000, 8)",0.5,Nick Panek
Trap_C_Minor_155_Slither8_Rattle0.8.mid,C_Minor,155,"(4000, 8)",0.8,Nick Panek
Trap_C_Minor_155_Slither8_Rattle1.2.mid,C_Minor,155,"(4000, 8)",1.2,Nick Panek
Trap_C_Minor_155_Slither12_Rattle0.5.mid,C_Minor,155,"(8192, 12)",0.5,Nick Panek
Trap_C_Minor_155_Slither12_Rattle0.8.mid,C_Minor,155,"(8192, 12)",0.8,Nick Panek
Trap_C_Minor_155_Slither12_Rattle1.2.mid,C_Minor,155,"(8192, 12)",1.2,Nick Panek
Trap_C_Minor_160_Slither5_Rattle0.5.mid,C_Minor,160,"(2000, 5)",0.5,Nick Panek
Trap_C_Minor_160_Slither5_Rattle0.8.mid,C_Minor,160,"(2000, 5)",0.8,Nick Panek
Trap_C_Minor_160_Slither5_Rattle1.2.mid,C_Minor,160,"(2000, 5)",1.2,Nick Panek
Trap_C_Minor_160_Slither8_Rattle0.5.mid,C_Minor,160,"(4000, 8)",0.5,Nick Panek
Trap_C_Minor_160_Slither8_Rattle0.8.mid,C_Minor,160,"(4000, 8)",0.8,Nick Panek
Trap_C_Minor_160_Slither8_Rattle1.2.mid,C_Minor,160,"(4000, 8)",1.2,Nick Panek
Trap_C_Minor_160_Slither12_Rattle0.5.mid,C_Minor,160,"(8192, 12)",0.5,Nick Panek
Trap_C_Minor_160_Slither12_Rattle0.8.mid,C_Minor,160,"(8192, 12)",0.8,Nick Panek
Trap_C_Minor_160_Slither12_Rattle1.2.mid,C_Minor,160,"(8192, 12)",1.2,Nick Panek
